date,commits
2014-01-17,2
2014-03-26,11
2014-03-28,3
2014-04-01,4
2014-04-02,10
2014-04-03,4
2014-04-04,3
2014-04-06,6
2014-04-07,9
2014-04-08,8
2014-04-09,4
2014-04-10,16
2014-04-11,13
2014-04-12,7
2014-04-13,1
2014-04-22,7
2014-04-24,3
2014-04-25,6
2014-05-09,12
2014-05-10,2
2014-05-11,13
2014-05-12,3
2014-05-13,4
2014-05-14,4
2014-05-15,8
2014-05-16,4
2014-05-18,13
2014-05-19,4
2014-05-20,3
2014-05-21,12
2014-05-23,3
2014-07-15,7
2014-08-04,1
2014-08-05,17
2014-08-06,6
2014-08-08,2
2014-08-11,1
2014-08-18,2
2014-08-19,1
2014-08-21,2
2014-08-30,1
2014-09-01,5
2014-09-02,15
2014-09-03,1
2014-09-04,15
2014-09-05,1
2014-09-06,3
2014-09-07,15
2014-09-09,1
2014-09-11,2
2014-09-12,3
2014-09-13,8
2014-09-14,4
2014-09-15,1
2014-09-16,19
2014-09-17,1
2014-10-24,1
2014-12-18,6
2014-12-21,2
2015-01-05,25
2015-01-09,9
2015-01-11,5
2015-01-12,2
2015-01-13,5
2015-01-14,2
2015-01-17,1
2015-01-18,12
2015-01-19,4
2015-01-23,10
2015-01-24,17
2015-01-25,27
2015-01-26,4
2015-01-27,4
2015-01-29,1
2015-01-30,5
2015-01-31,10
2015-02-01,2
2015-02-02,2
2015-02-03,2
2015-02-04,7
2015-02-07,4
2015-02-08,8
2015-02-15,1
2015-02-16,1
2015-02-20,1
2015-02-21,2
2015-02-22,20
2015-02-23,2
2015-02-27,9
2015-02-28,17
2015-03-10,3
2015-03-12,1
2015-03-13,2
2015-03-14,11
2015-03-15,14
2015-03-16,1
2015-03-17,6
2015-03-18,14
2015-03-19,10
2015-03-20,9
2015-03-21,4
2015-03-22,9
2015-03-23,9
2015-03-24,12
2015-03-25,2
2015-03-30,12
2015-03-31,13
2015-04-01,4
2015-04-03,7
2015-04-04,1
2015-04-05,6
2015-04-06,2
2015-04-07,4
2015-04-08,3
2015-04-09,3
2015-04-10,6
2015-04-11,15
2015-04-12,6
2015-04-13,4
2015-04-14,11
2015-04-17,9
2015-04-18,2
2015-04-19,3
2015-04-20,17
2015-04-21,7
2015-04-22,2
2015-04-23,5
2015-04-25,4
2015-04-26,2
2015-04-27,4
2015-05-03,1
2015-05-04,4
2015-05-06,4
2015-05-07,6
2015-05-08,15
2015-05-09,5
2015-05-13,2
2015-06-07,3
2015-06-08,2
2015-06-09,3
2015-06-10,5
2015-06-12,9
2015-06-15,2
2015-06-16,13
2015-06-17,24
2015-06-18,13
2015-06-19,12
2015-06-21,6
2015-06-22,2
2015-06-23,5
2015-06-24,8
2015-06-25,13
2015-06-26,14
2015-06-27,11
2015-06-28,10
2015-06-29,9
2015-06-30,20
2015-07-01,5
2015-07-02,3
2015-07-03,2
2015-07-06,2
2015-07-08,22
2015-07-09,8
2015-07-10,7
2015-07-11,5
2015-07-12,20
2015-07-13,8
2015-07-14,1
2015-07-15,5
2015-07-16,2
2015-07-18,2
2015-07-21,3
2015-07-22,1
2015-07-23,1
2015-07-31,2
2015-08-03,2
2015-08-05,1
2015-08-21,1
2015-08-22,7
2015-08-23,1
2015-08-26,4
2015-08-28,2
2015-08-31,2
2015-09-01,1
2015-09-06,1
2015-09-08,10
2015-09-09,2
2015-09-10,3
2015-09-12,1
2015-09-13,5
2015-09-14,8
2015-09-15,1
2015-09-18,1
2015-09-19,3
2015-09-21,4
2015-12-04,1
2015-12-06,1
2015-12-07,1
2016-01-25,5
2016-02-04,1
2016-02-05,4
2016-02-06,6
2016-02-12,1
2016-02-19,1
2016-02-26,1
2016-03-02,1
2016-03-03,1
2016-03-10,1
2016-04-02,2
2016-04-07,34
2016-04-24,4
2016-06-12,3
2016-06-13,1
2016-06-22,3
2016-06-24,1
2016-06-25,1
2016-06-26,1
2016-06-27,18
2016-06-28,3
2016-07-06,2
2016-07-08,15
2016-07-09,9
2016-07-10,2
2016-07-11,1
2016-07-13,1
2016-07-14,10
2016-07-15,3
2016-07-16,2
2016-07-18,5
2016-07-19,12
2016-07-20,4
2016-07-23,6
2016-07-24,16
2016-07-25,1
2016-07-26,3
2016-07-27,11
2016-08-01,8
2016-08-02,17
2016-08-11,1
2016-08-16,4
2016-08-17,8
2016-08-21,1
2016-08-30,6
2016-09-06,1
2016-09-07,4
2016-09-08,13
2016-09-11,6
2016-09-19,1
2016-09-23,1
2016-09-25,1
2016-09-26,2
2016-10-19,1
2016-11-14,1
2016-12-04,3
2016-12-11,6
2016-12-13,4
2016-12-15,3
2016-12-19,3
2016-12-20,2
2016-12-24,1
2016-12-25,1
2016-12-31,4
2017-01-02,2
2017-01-06,2
2017-01-07,1
2017-01-11,1
2017-01-12,1
2017-01-13,15
2017-01-14,17
2017-01-15,16
2017-01-16,7
2017-01-18,5
2017-01-19,1
2017-01-20,7
2017-01-21,4
2017-01-22,12
2017-01-23,2
2017-01-27,2
2017-02-25,14
2017-02-26,10
2017-03-03,2
2017-03-05,14
2017-03-06,15
2017-03-07,17
2017-03-08,7
2017-03-09,20
2017-03-10,7
2017-03-11,13
2017-03-12,7
2017-03-13,2
2017-03-14,4
2017-03-15,1
2017-03-18,1
2017-03-20,5
2017-03-21,3
2017-03-22,14
2017-03-23,6
2017-03-25,6
2017-03-26,14
2017-03-27,18
2017-03-28,6
2017-03-29,6
2017-03-30,32
2017-03-31,41
2017-04-01,39
2017-04-02,10
2017-04-03,6
2017-04-04,2
2017-04-05,18
2017-04-06,9
2017-04-07,8
2017-04-08,3
2017-04-09,19
2017-04-11,1
2017-04-12,6
2017-04-15,4
2017-04-18,1
2017-04-19,5
2017-04-20,4
2017-04-22,1
2017-04-24,2
2017-04-25,1
2017-04-30,20
2017-05-01,2
2017-05-04,2
2017-05-06,4
2017-05-07,4
2017-05-09,1
2017-05-12,3
2017-05-13,6
2017-05-14,5
2017-05-15,1
2017-05-17,4
2017-05-18,4
2017-05-19,4
2017-05-20,3
2017-05-22,2
2017-05-25,2
2017-05-26,1
2017-05-27,7
2017-05-28,17
2017-05-29,36
2017-05-30,14
2017-05-31,18
2017-06-01,4
2017-06-02,9
2017-06-03,12
2017-06-04,15
2017-06-05,9
2017-06-06,7
2017-06-07,6
2017-06-09,2
2017-06-10,10
2017-06-11,8
2017-06-12,3
2017-06-13,5
2017-06-14,7
2017-06-15,7
2017-06-16,6
2017-06-17,9
2017-06-18,9
2017-06-19,6
2017-06-20,5
2017-06-21,5
2017-06-22,8
2017-06-23,14
2017-06-24,9
2017-06-25,15
2017-06-26,5
2017-06-27,8
2017-06-28,10
2017-06-29,4
2017-06-30,11
2017-07-01,7
2017-07-02,6
2017-07-03,1
2017-07-04,13
2017-07-05,6
2017-07-06,9
2017-07-07,6
2017-07-08,18
2017-07-09,11
2017-07-10,15
2017-07-11,16
2017-07-12,2
2017-07-13,10
2017-07-14,23
2017-07-15,8
2017-07-16,5
2017-07-17,13
2017-07-18,3
2017-07-19,6
2017-07-20,5
2017-07-21,4
2017-07-22,3
2017-07-23,11
2017-07-26,1
2017-07-28,6
2017-07-29,6
2017-08-01,1
2017-08-02,2
2017-08-06,13
2017-08-07,10
2017-08-08,6
2017-08-09,2
2017-08-10,7
2017-08-11,3
2017-08-12,1
2017-08-13,3
2017-08-14,2
2017-08-15,12
2017-08-16,1
2017-08-17,5
2017-08-18,3
2017-08-20,4
2017-08-21,3
2017-09-01,2
2017-09-03,5
2017-09-04,14
2017-09-05,3
2017-09-07,2
2017-09-10,5
2017-09-18,1
2017-09-19,6
2017-09-20,4
2017-09-26,7
2017-09-27,1
2017-09-30,1
2017-10-02,17
2017-10-09,2
2017-10-10,3
2017-10-17,3
2017-10-19,1
2017-10-22,10
2017-10-23,2
2017-10-26,4
2017-10-27,12
2017-11-06,4
2017-11-07,5
2017-11-23,8
2017-11-24,15
2017-11-25,2
2017-11-26,1
2017-11-27,12
2017-12-02,4
2017-12-08,1
2017-12-09,3
2017-12-16,28
2017-12-19,4
2017-12-28,1
2017-12-31,7
2018-01-01,8
2018-01-02,35
2018-01-03,19
2018-01-04,28
2018-01-05,5
2018-01-07,4
2018-01-08,7
2018-01-09,2
2018-01-10,6
2018-01-11,13
2018-01-12,7
2018-01-13,5
2018-01-14,2
2018-01-15,33
2018-01-16,41
2018-01-17,33
2018-01-18,3
2018-01-20,5
2018-01-21,13
2018-01-22,1
2018-01-23,31
2018-01-24,4
2018-01-25,14
2018-01-26,7
2018-01-27,3
2018-01-28,10
2018-01-29,6
2018-01-30,10
2018-01-31,10
2018-02-01,7
2018-02-02,8
2018-02-03,22
2018-02-04,19
2018-02-05,8
2018-02-06,1
2018-02-07,2
2018-02-09,2
2018-02-11,14
2018-02-12,33
2018-02-13,33
